{
    "projectId": "68d48e41000a72457eb6",
    "endpoint": "https://sfo.cloud.appwrite.io/v1",
    "functions": [
        {
            "functionId": "yt-dlp-audio-extractor",
            "name": "YouTube Audio Extractor",
            "runtime": "python-3.11",
            "execute": [
                "any"
            ],
            "timeout": 300,
            "enabled": true,
            "logging": true,
            "entrypoint": "main.py",
            "commands": "pip install -r requirements.txt",
            "path": "."
        }
    ]
}